-- Auto-generated seed data
DELETE FROM content_dishes;
DELETE FROM content;
DELETE FROM dishes;
DELETE FROM creators;
DELETE FROM saves;
DELETE FROM events;
DELETE FROM restaurants;

INSERT INTO restaurants (id,name,slug,cuisine_types,vibe_tags,neighborhood,address,latitude,longitude,price_range,phone,website,menu_url,hours,booking_url,delivery_url,instagram_handle,tiktok_handle,google_place_id,is_active,subscription_tier) VALUES ('39d6a76c-a0af-56bb-93ff-740046b527c1','Marisco Boys','marisco-boys','{"Mexican","Seafood"}','{"Date Night","Trendy / New"}','Central Phoenix','2026 N 7th St, Phoenix, AZ 85006',33.4627,-112.0618,3,'(602) 555-0101','https://mariscoboys.com','https://mariscoboys.com/menu','{"monday":[{"open":"16:00","close":"22:00"}],"tuesday":[{"open":"16:00","close":"22:00"}],"wednesday":[{"open":"16:00","close":"22:00"}],"thursday":[{"open":"16:00","close":"22:00"}],"friday":[{"open":"16:00","close":"23:00"}],"saturday":[{"open":"12:00","close":"23:00"}],"sunday":[{"open":"12:00","close":"21:00"}]}'::jsonb,NULL,NULL,'@mariscoboys','@mariscoboys','ChIJ_placeholder_001',TRUE,'basic');
INSERT INTO restaurants (id,name,slug,cuisine_types,vibe_tags,neighborhood,address,latitude,longitude,price_range,phone,website,menu_url,hours,booking_url,delivery_url,instagram_handle,tiktok_handle,google_place_id,is_active,subscription_tier) VALUES ('0c9ed30c-776b-5ee4-8f49-5620b18f09b2','Pretty Penny','pretty-penny','{"Italian","American"}','{"Date Night","Splurge-Worthy"}','Downtown Phoenix','509 E Roosevelt St, Phoenix, AZ 85004',33.4584,-112.065,4,'(602) 555-0102','https://prettypennyphx.com','https://prettypennyphx.com/menu','{"monday":null,"tuesday":[{"open":"17:00","close":"23:00"}],"wednesday":[{"open":"17:00","close":"23:00"}],"thursday":[{"open":"17:00","close":"23:00"}],"friday":[{"open":"17:00","close":"00:00"}],"saturday":[{"open":"17:00","close":"00:00"}],"sunday":[{"open":"17:00","close":"22:00"}]}'::jsonb,'https://resy.com/cities/phx/pretty-penny',NULL,'@prettypennyphx',NULL,'ChIJ_placeholder_002',TRUE,'basic');
INSERT INTO restaurants (id,name,slug,cuisine_types,vibe_tags,neighborhood,address,latitude,longitude,price_range,phone,website,menu_url,hours,booking_url,delivery_url,instagram_handle,tiktok_handle,google_place_id,is_active,subscription_tier) VALUES ('e379a363-6762-5045-916c-ac0081fff350','Filthy Animal','filthy-animal','{"American"}','{"Trendy / New","Date Night","Group Dinner"}','Tempe','740 S Mill Ave, Tempe, AZ 85281',33.4236,-111.94,3,'(480) 397-1046','https://thisisfilthyanimal.com','https://thisisfilthyanimal.com/menu','{"monday":null,"tuesday":[{"open":"16:00","close":"22:00"}],"wednesday":[{"open":"16:00","close":"22:00"}],"thursday":[{"open":"16:00","close":"22:00"}],"friday":[{"open":"16:00","close":"23:00"}],"saturday":[{"open":"11:00","close":"23:00"}],"sunday":[{"open":"11:00","close":"21:00"}]}'::jsonb,'https://resy.com/cities/phx/filthy-animal',NULL,'@filthyanimaltempe','@filthyanimaltempe','ChIJ_placeholder_003',TRUE,'basic');
INSERT INTO restaurants (id,name,slug,cuisine_types,vibe_tags,neighborhood,address,latitude,longitude,price_range,phone,website,menu_url,hours,booking_url,delivery_url,instagram_handle,tiktok_handle,google_place_id,is_active,subscription_tier) VALUES ('c11740cd-352a-5243-a1b3-46ba428209e5','Indibar','indibar','{"Asian"}','{"Splurge-Worthy","Date Night"}','Scottsdale','6208 N Scottsdale Rd, Paradise Valley, AZ 85253',33.531,-111.926,4,'(480) 555-0104','https://indibarphx.com','https://indibarphx.com/menu','{"monday":null,"tuesday":[{"open":"17:00","close":"22:00"}],"wednesday":[{"open":"17:00","close":"22:00"}],"thursday":[{"open":"17:00","close":"22:00"}],"friday":[{"open":"17:00","close":"23:00"}],"saturday":[{"open":"17:00","close":"23:00"}],"sunday":[{"open":"17:00","close":"21:00"}]}'::jsonb,'https://resy.com/cities/phx/indibar',NULL,'@indibar','@indibar','ChIJ_placeholder_004',TRUE,'basic');
INSERT INTO restaurants (id,name,slug,cuisine_types,vibe_tags,neighborhood,address,latitude,longitude,price_range,phone,website,menu_url,hours,booking_url,delivery_url,instagram_handle,tiktok_handle,google_place_id,is_active,subscription_tier) VALUES ('c8731cf1-48c2-568b-b4fe-cd058c0299e5','Bar Capri','bar-capri','{"Italian"}','{"Hidden Gem","Date Night"}','Tempe','1730 E Warner Rd #10, Tempe, AZ 85284',33.3355,-111.912,3,'(480) 555-0105','https://barcapritempe.com','https://barcapritempe.com/menu','{"monday":null,"tuesday":[{"open":"17:00","close":"22:00"}],"wednesday":[{"open":"17:00","close":"22:00"}],"thursday":[{"open":"17:00","close":"22:00"}],"friday":[{"open":"17:00","close":"23:00"}],"saturday":[{"open":"17:00","close":"23:00"}],"sunday":[{"open":"17:00","close":"21:00"}]}'::jsonb,NULL,NULL,'@barcapritempe',NULL,'ChIJ_placeholder_005',TRUE,'basic');
INSERT INTO restaurants (id,name,slug,cuisine_types,vibe_tags,neighborhood,address,latitude,longitude,price_range,phone,website,menu_url,hours,booking_url,delivery_url,instagram_handle,tiktok_handle,google_place_id,is_active,subscription_tier) VALUES ('67d31a19-05f2-53f7-8311-7e9f66bf6d82','Liquor Pig','liquor-pig','{"American"}','{"Happy Hour","Late Night","Trendy / New"}','Old Town Scottsdale','7217 E 4th Ave, Scottsdale, AZ 85251',33.4942,-111.9216,2,'(480) 555-0106','https://liquorpig.com','https://liquorpig.com/menu','{"monday":null,"tuesday":[{"open":"16:00","close":"00:00"}],"wednesday":[{"open":"16:00","close":"00:00"}],"thursday":[{"open":"16:00","close":"00:00"}],"friday":[{"open":"16:00","close":"02:00"}],"saturday":[{"open":"12:00","close":"02:00"}],"sunday":[{"open":"12:00","close":"22:00"}]}'::jsonb,NULL,NULL,'@liquorpig','@liquorpig','ChIJ_placeholder_006',TRUE,'basic');
INSERT INTO restaurants (id,name,slug,cuisine_types,vibe_tags,neighborhood,address,latitude,longitude,price_range,phone,website,menu_url,hours,booking_url,delivery_url,instagram_handle,tiktok_handle,google_place_id,is_active,subscription_tier) VALUES ('a05ec10e-2378-56cc-b764-d09f502e3814','The Ends','the-ends','{"American","Italian"}','{"Group Dinner","Splurge-Worthy","Date Night"}','Old Town Scottsdale','7137 E Stetson Dr, Scottsdale, AZ 85251',33.4929,-111.922,3,'(480) 555-0107','https://theendsscottsdale.com','https://theendsscottsdale.com/menu','{"monday":null,"tuesday":[{"open":"17:00","close":"22:00"}],"wednesday":[{"open":"17:00","close":"22:00"}],"thursday":[{"open":"17:00","close":"22:00"}],"friday":[{"open":"17:00","close":"23:00"}],"saturday":[{"open":"17:00","close":"23:00"}],"sunday":[{"open":"17:00","close":"21:00"}]}'::jsonb,'https://resy.com/cities/phx/the-ends',NULL,'@theendsscottsdale','@theendsscottsdale','ChIJ_placeholder_007',TRUE,'basic');
INSERT INTO restaurants (id,name,slug,cuisine_types,vibe_tags,neighborhood,address,latitude,longitude,price_range,phone,website,menu_url,hours,booking_url,delivery_url,instagram_handle,tiktok_handle,google_place_id,is_active,subscription_tier) VALUES ('f1e011c6-e31c-53dd-8f77-885b0645820b','Andreoli Italian Grocer','andreoli-italian-grocer','{"Italian"}','{"Hidden Gem","Solo-Friendly"}','North Scottsdale','8880 E Via Linda, Scottsdale, AZ 85258',33.564,-111.89,2,'(480) 614-1980','https://andreolitaliangrocery.com','https://andreolitaliangrocery.com/menu','{"monday":[{"open":"10:00","close":"18:00"}],"tuesday":[{"open":"10:00","close":"18:00"}],"wednesday":[{"open":"10:00","close":"18:00"}],"thursday":[{"open":"10:00","close":"18:00"}],"friday":[{"open":"10:00","close":"18:00"}],"saturday":[{"open":"10:00","close":"18:00"}],"sunday":null}'::jsonb,NULL,NULL,'@andreoliscottsdale',NULL,'ChIJ_placeholder_008',TRUE,'basic');
INSERT INTO restaurants (id,name,slug,cuisine_types,vibe_tags,neighborhood,address,latitude,longitude,price_range,phone,website,menu_url,hours,booking_url,delivery_url,instagram_handle,tiktok_handle,google_place_id,is_active,subscription_tier) VALUES ('f86385c1-81d7-50d2-b984-4f9a95071f44','Citizen Public House','citizen-public-house','{"American"}','{"Happy Hour","Date Night","Patio"}','Scottsdale','7111 E 5th Ave, Scottsdale, AZ 85251',33.495,-111.9228,3,'(480) 398-4208','https://citizenpublichouse.com','https://citizenpublichouse.com/menu','{"monday":[{"open":"11:00","close":"22:00"}],"tuesday":[{"open":"11:00","close":"22:00"}],"wednesday":[{"open":"11:00","close":"22:00"}],"thursday":[{"open":"11:00","close":"22:00"}],"friday":[{"open":"11:00","close":"23:00"}],"saturday":[{"open":"11:00","close":"23:00"}],"sunday":[{"open":"10:00","close":"21:00"}]}'::jsonb,'https://opentable.com/citizen-public-house',NULL,'@citizenpublichouse',NULL,'ChIJ_placeholder_009',TRUE,'basic');
INSERT INTO restaurants (id,name,slug,cuisine_types,vibe_tags,neighborhood,address,latitude,longitude,price_range,phone,website,menu_url,hours,booking_url,delivery_url,instagram_handle,tiktok_handle,google_place_id,is_active,subscription_tier) VALUES ('1aa764d0-0c40-56d4-97c1-c31293286689','Taco Boys','taco-boys','{"Mexican"}','{"Quick Bite","Family","Solo-Friendly"}','Central Phoenix','2014 N 7th St, Phoenix, AZ 85006',33.4624,-112.0618,1,'(602) 555-0110','https://tacoboysaz.com','https://tacoboysaz.com/menu','{"monday":[{"open":"10:00","close":"21:00"}],"tuesday":[{"open":"10:00","close":"21:00"}],"wednesday":[{"open":"10:00","close":"21:00"}],"thursday":[{"open":"10:00","close":"21:00"}],"friday":[{"open":"10:00","close":"22:00"}],"saturday":[{"open":"09:00","close":"22:00"}],"sunday":[{"open":"09:00","close":"20:00"}]}'::jsonb,NULL,'https://doordash.com/store/taco-boys','@tacoboysaz','@tacoboysaz','ChIJ_placeholder_010',TRUE,'basic');
INSERT INTO restaurants (id,name,slug,cuisine_types,vibe_tags,neighborhood,address,latitude,longitude,price_range,phone,website,menu_url,hours,booking_url,delivery_url,instagram_handle,tiktok_handle,google_place_id,is_active,subscription_tier) VALUES ('6edff5ea-76b9-54f3-b34c-c358a07cc407','Lom Wong','lom-wong','{"Asian"}','{"Hidden Gem","Trendy / New"}','Downtown Phoenix','501 E Roosevelt St, Phoenix, AZ 85004',33.4586,-112.0652,2,'(602) 555-0111','https://lomwong.com','https://lomwong.com/menu','{"monday":null,"tuesday":[{"open":"17:00","close":"22:00"}],"wednesday":[{"open":"17:00","close":"22:00"}],"thursday":[{"open":"17:00","close":"22:00"}],"friday":[{"open":"17:00","close":"23:00"}],"saturday":[{"open":"17:00","close":"23:00"}],"sunday":null}'::jsonb,NULL,NULL,'@lomwongphx',NULL,'ChIJ_placeholder_011',TRUE,'basic');
INSERT INTO restaurants (id,name,slug,cuisine_types,vibe_tags,neighborhood,address,latitude,longitude,price_range,phone,website,menu_url,hours,booking_url,delivery_url,instagram_handle,tiktok_handle,google_place_id,is_active,subscription_tier) VALUES ('aa58ddff-afd7-595e-9db5-5f71d7802e78','Spinato''s Pizzeria','spinatos-pizzeria','{"Pizza","Italian"}','{"Family","Quick Bite"}','Tempe','2165 E University Dr, Tempe, AZ 85281',33.4217,-111.91,2,'(480) 967-0020','https://spinatospizzeria.com','https://spinatospizzeria.com/menu','{"monday":[{"open":"11:00","close":"21:00"}],"tuesday":[{"open":"11:00","close":"21:00"}],"wednesday":[{"open":"11:00","close":"21:00"}],"thursday":[{"open":"11:00","close":"21:00"}],"friday":[{"open":"11:00","close":"22:00"}],"saturday":[{"open":"11:00","close":"22:00"}],"sunday":[{"open":"11:00","close":"21:00"}]}'::jsonb,NULL,'https://doordash.com/store/spinatos','@spinatospizzeria',NULL,'ChIJ_placeholder_012',TRUE,'basic');
INSERT INTO restaurants (id,name,slug,cuisine_types,vibe_tags,neighborhood,address,latitude,longitude,price_range,phone,website,menu_url,hours,booking_url,delivery_url,instagram_handle,tiktok_handle,google_place_id,is_active,subscription_tier) VALUES ('7260df7e-f96b-59b6-8b1e-d1a56acc6fb4','The Guest House','the-guest-house','{"American"}','{"Date Night","Trendy / New","Happy Hour"}','North Scottsdale','15257 N Scottsdale Rd, Scottsdale, AZ 85254',33.619,-111.926,3,'(480) 555-0113','https://theguesthousescottsdale.com','https://theguesthousescottsdale.com/menu','{"monday":[{"open":"16:00","close":"22:00"}],"tuesday":[{"open":"16:00","close":"22:00"}],"wednesday":[{"open":"16:00","close":"22:00"}],"thursday":[{"open":"16:00","close":"22:00"}],"friday":[{"open":"16:00","close":"23:00"}],"saturday":[{"open":"11:00","close":"23:00"}],"sunday":[{"open":"11:00","close":"21:00"}]}'::jsonb,'https://resy.com/cities/phx/the-guest-house',NULL,'@theguesthousescottsdale','@theguesthousescottsdale','ChIJ_placeholder_013',TRUE,'basic');
INSERT INTO restaurants (id,name,slug,cuisine_types,vibe_tags,neighborhood,address,latitude,longitude,price_range,phone,website,menu_url,hours,booking_url,delivery_url,instagram_handle,tiktok_handle,google_place_id,is_active,subscription_tier) VALUES ('1752c71b-93a4-5d92-b001-d9aace882c4b','Prep & Pastry','prep-and-pastry','{"Brunch","American"}','{"Brunch","Patio","Family"}','Scottsdale','6840 E 2nd St, Scottsdale, AZ 85251',33.4938,-111.9267,2,'(480) 555-0114','https://prepandpastry.com','https://prepandpastry.com/menu','{"monday":[{"open":"07:00","close":"14:00"}],"tuesday":[{"open":"07:00","close":"14:00"}],"wednesday":[{"open":"07:00","close":"14:00"}],"thursday":[{"open":"07:00","close":"14:00"}],"friday":[{"open":"07:00","close":"14:00"}],"saturday":[{"open":"07:00","close":"15:00"}],"sunday":[{"open":"07:00","close":"15:00"}]}'::jsonb,NULL,'https://doordash.com/store/prep-and-pastry','@prepandpastry','@prepandpastry','ChIJ_placeholder_014',TRUE,'basic');
INSERT INTO restaurants (id,name,slug,cuisine_types,vibe_tags,neighborhood,address,latitude,longitude,price_range,phone,website,menu_url,hours,booking_url,delivery_url,instagram_handle,tiktok_handle,google_place_id,is_active,subscription_tier) VALUES ('a51e7ba2-2518-54eb-a258-45caf70aea3a','Green Corner','green-corner','{"Healthy"}','{"Quick Bite","Solo-Friendly"}','Mesa','301 N Gilbert Rd, Gilbert, AZ 85234',33.353,-111.789,1,'(480) 555-0115','https://greencornerrestaurant.com','https://greencornerrestaurant.com/menu','{"monday":[{"open":"10:30","close":"21:00"}],"tuesday":[{"open":"10:30","close":"21:00"}],"wednesday":[{"open":"10:30","close":"21:00"}],"thursday":[{"open":"10:30","close":"21:00"}],"friday":[{"open":"10:30","close":"21:00"}],"saturday":[{"open":"10:30","close":"21:00"}],"sunday":[{"open":"10:30","close":"20:00"}]}'::jsonb,NULL,'https://doordash.com/store/green-corner','@greencornerrestaurant',NULL,'ChIJ_placeholder_015',TRUE,'basic');
INSERT INTO restaurants (id,name,slug,cuisine_types,vibe_tags,neighborhood,address,latitude,longitude,price_range,phone,website,menu_url,hours,booking_url,delivery_url,instagram_handle,tiktok_handle,google_place_id,is_active,subscription_tier) VALUES ('67cbd057-102a-5418-8d6e-e84d022d574e','Fellow Osteria','fellow-osteria','{"Italian"}','{"Brunch","Happy Hour","Patio"}','Scottsdale','1616 N Scottsdale Rd, Scottsdale, AZ 85257',33.471,-111.9265,2,'(480) 555-0116','https://fellowosteria.com','https://fellowosteria.com/menu','{"monday":[{"open":"08:00","close":"21:00"}],"tuesday":[{"open":"08:00","close":"21:00"}],"wednesday":[{"open":"08:00","close":"21:00"}],"thursday":[{"open":"08:00","close":"21:00"}],"friday":[{"open":"08:00","close":"22:00"}],"saturday":[{"open":"08:00","close":"22:00"}],"sunday":[{"open":"08:00","close":"21:00"}]}'::jsonb,'https://resy.com/cities/phx/fellow-osteria',NULL,'@fellowosteria','@fellowosteria','ChIJ_placeholder_016',TRUE,'basic');
INSERT INTO restaurants (id,name,slug,cuisine_types,vibe_tags,neighborhood,address,latitude,longitude,price_range,phone,website,menu_url,hours,booking_url,delivery_url,instagram_handle,tiktok_handle,google_place_id,is_active,subscription_tier) VALUES ('09028173-0fb6-5506-ba95-26046a566b41','Cielito','cielito','{"Mexican"}','{"Trendy / New","Splurge-Worthy","Patio"}','Old Town Scottsdale','4200 N Marshall Way, Scottsdale, AZ 85251',33.496,-111.926,3,'(480) 555-0117','https://cielitoscottsdale.com','https://cielitoscottsdale.com/menu','{"monday":null,"tuesday":[{"open":"17:00","close":"23:00"}],"wednesday":[{"open":"17:00","close":"23:00"}],"thursday":[{"open":"17:00","close":"23:00"}],"friday":[{"open":"17:00","close":"00:00"}],"saturday":[{"open":"17:00","close":"00:00"}],"sunday":[{"open":"17:00","close":"22:00"}]}'::jsonb,'https://resy.com/cities/phx/cielito',NULL,'@cielitoscottsdale','@cielitoscottsdale','ChIJ_placeholder_017',TRUE,'basic');
INSERT INTO restaurants (id,name,slug,cuisine_types,vibe_tags,neighborhood,address,latitude,longitude,price_range,phone,website,menu_url,hours,booking_url,delivery_url,instagram_handle,tiktok_handle,google_place_id,is_active,subscription_tier) VALUES ('24ab1645-f1b2-5fc8-ade4-3afb54ee589e','Gadzooks Enchiladas & Soup','gadzooks','{"Mexican"}','{"Quick Bite","Family","Solo-Friendly"}','Arcadia','3313 N 44th St, Phoenix, AZ 85018',33.48,-111.987,1,'(602) 555-0118','https://gadzooksenchiladas.com','https://gadzooksenchiladas.com/menu','{"monday":[{"open":"11:00","close":"20:00"}],"tuesday":[{"open":"11:00","close":"20:00"}],"wednesday":[{"open":"11:00","close":"20:00"}],"thursday":[{"open":"11:00","close":"20:00"}],"friday":[{"open":"11:00","close":"21:00"}],"saturday":[{"open":"11:00","close":"21:00"}],"sunday":[{"open":"11:00","close":"20:00"}]}'::jsonb,NULL,'https://doordash.com/store/gadzooks','@gadzooksenchiladas','@gadzooksenchiladas','ChIJ_placeholder_018',TRUE,'basic');
INSERT INTO restaurants (id,name,slug,cuisine_types,vibe_tags,neighborhood,address,latitude,longitude,price_range,phone,website,menu_url,hours,booking_url,delivery_url,instagram_handle,tiktok_handle,google_place_id,is_active,subscription_tier) VALUES ('d836fae2-57ce-5a2e-b725-101898c73cf3','Sparrow','sparrow','{"American"}','{"Date Night","Trendy / New"}','Peoria','8156 W Happy Valley Rd #A100, Peoria, AZ 85383',33.71,-112.228,3,'(623) 555-0119','https://sparrowaz.com','https://sparrowaz.com/menu','{"monday":null,"tuesday":[{"open":"16:00","close":"22:00"}],"wednesday":[{"open":"16:00","close":"22:00"}],"thursday":[{"open":"16:00","close":"22:00"}],"friday":[{"open":"16:00","close":"23:00"}],"saturday":[{"open":"16:00","close":"23:00"}],"sunday":[{"open":"10:00","close":"14:00"},{"open":"16:00","close":"21:00"}]}'::jsonb,'https://resy.com/cities/phx/sparrow',NULL,'@sparrowaz',NULL,'ChIJ_placeholder_019',TRUE,'basic');
INSERT INTO restaurants (id,name,slug,cuisine_types,vibe_tags,neighborhood,address,latitude,longitude,price_range,phone,website,menu_url,hours,booking_url,delivery_url,instagram_handle,tiktok_handle,google_place_id,is_active,subscription_tier) VALUES ('9b8c3da4-851d-539b-ac64-26af2288dda6','Tonto Bar & Grill','tonto-bar-and-grill','{"American","BBQ/Comfort"}','{"Patio","Hidden Gem","Group Dinner"}','Cave Creek','5736 E Rancho Manana Blvd, Cave Creek, AZ 85331',33.823,-111.951,3,'(480) 488-0698','https://tontobarandgrill.com','https://tontobarandgrill.com/menu','{"monday":[{"open":"11:00","close":"21:00"}],"tuesday":[{"open":"11:00","close":"21:00"}],"wednesday":[{"open":"11:00","close":"21:00"}],"thursday":[{"open":"11:00","close":"21:00"}],"friday":[{"open":"11:00","close":"22:00"}],"saturday":[{"open":"10:00","close":"22:00"}],"sunday":[{"open":"10:00","close":"21:00"}]}'::jsonb,'https://opentable.com/tonto-bar-and-grill',NULL,'@tontobarandgrill',NULL,'ChIJ_placeholder_020',TRUE,'basic');
INSERT INTO restaurants (id,name,slug,cuisine_types,vibe_tags,neighborhood,address,latitude,longitude,price_range,phone,website,menu_url,hours,booking_url,delivery_url,instagram_handle,tiktok_handle,google_place_id,is_active,subscription_tier) VALUES ('a32fe463-8fb9-5168-9c86-7d97cba1aff7','Postino WineCafe','postino-winecafe','{"American","Italian"}','{"Happy Hour","Patio","Date Night"}','Arcadia','3939 E Campbell Ave, Phoenix, AZ 85018',33.5062,-111.9816,2,'(602) 852-3939','https://postinowinecafe.com','https://postinowinecafe.com/menu','{"monday":[{"open":"11:00","close":"23:00"}],"tuesday":[{"open":"11:00","close":"23:00"}],"wednesday":[{"open":"11:00","close":"23:00"}],"thursday":[{"open":"11:00","close":"23:00"}],"friday":[{"open":"11:00","close":"00:00"}],"saturday":[{"open":"09:00","close":"00:00"}],"sunday":[{"open":"09:00","close":"22:00"}]}'::jsonb,NULL,NULL,'@postinowinecafe',NULL,'ChIJ_placeholder_021',TRUE,'basic');
INSERT INTO restaurants (id,name,slug,cuisine_types,vibe_tags,neighborhood,address,latitude,longitude,price_range,phone,website,menu_url,hours,booking_url,delivery_url,instagram_handle,tiktok_handle,google_place_id,is_active,subscription_tier) VALUES ('55710404-6d98-5dc4-9342-c2ce96e3f5a2','La Grande Orange Grocery','la-grande-orange','{"American","Brunch"}','{"Brunch","Family","Patio"}','Arcadia','4410 N 40th St, Phoenix, AZ 85018',33.5056,-111.991,2,'(602) 840-7777','https://lagrandeorangegrocery.com','https://lagrandeorangegrocery.com/menu','{"monday":[{"open":"06:30","close":"22:00"}],"tuesday":[{"open":"06:30","close":"22:00"}],"wednesday":[{"open":"06:30","close":"22:00"}],"thursday":[{"open":"06:30","close":"22:00"}],"friday":[{"open":"06:30","close":"22:00"}],"saturday":[{"open":"06:30","close":"22:00"}],"sunday":[{"open":"06:30","close":"22:00"}]}'::jsonb,NULL,NULL,'@lagrandeorange',NULL,'ChIJ_placeholder_022',TRUE,'basic');
INSERT INTO restaurants (id,name,slug,cuisine_types,vibe_tags,neighborhood,address,latitude,longitude,price_range,phone,website,menu_url,hours,booking_url,delivery_url,instagram_handle,tiktok_handle,google_place_id,is_active,subscription_tier) VALUES ('04fabb4d-7ba8-580b-9efd-ad069f5963a4','Pho Thanh','pho-thanh','{"Asian"}','{"Quick Bite","Hidden Gem","Solo-Friendly"}','Central Phoenix','1702 W Camelback Rd, Phoenix, AZ 85015',33.5094,-112.093,1,'(602) 242-1168',NULL,NULL,'{"monday":[{"open":"09:00","close":"21:00"}],"tuesday":[{"open":"09:00","close":"21:00"}],"wednesday":[{"open":"09:00","close":"21:00"}],"thursday":[{"open":"09:00","close":"21:00"}],"friday":[{"open":"09:00","close":"21:00"}],"saturday":[{"open":"09:00","close":"21:00"}],"sunday":[{"open":"09:00","close":"21:00"}]}'::jsonb,NULL,'https://doordash.com/store/pho-thanh',NULL,NULL,'ChIJ_placeholder_023',TRUE,'basic');
INSERT INTO restaurants (id,name,slug,cuisine_types,vibe_tags,neighborhood,address,latitude,longitude,price_range,phone,website,menu_url,hours,booking_url,delivery_url,instagram_handle,tiktok_handle,google_place_id,is_active,subscription_tier) VALUES ('56c3489f-9257-55b9-8195-cc142a46b2d0','Catch Scottsdale','catch-scottsdale','{"Seafood","American"}','{"Splurge-Worthy","Date Night","Group Dinner"}','Scottsdale','7014 E Camelback Rd #612, Scottsdale, AZ 85251',33.5094,-111.929,4,'(480) 555-0124','https://catchrestaurants.com/scottsdale','https://catchrestaurants.com/scottsdale/menu','{"monday":[{"open":"17:00","close":"22:00"}],"tuesday":[{"open":"17:00","close":"22:00"}],"wednesday":[{"open":"17:00","close":"22:00"}],"thursday":[{"open":"17:00","close":"22:00"}],"friday":[{"open":"17:00","close":"23:00"}],"saturday":[{"open":"17:00","close":"23:00"}],"sunday":[{"open":"17:00","close":"22:00"}]}'::jsonb,'https://resy.com/cities/phx/catch-scottsdale',NULL,'@catchrestaurants','@catchrestaurants','ChIJ_placeholder_024',TRUE,'basic');
INSERT INTO restaurants (id,name,slug,cuisine_types,vibe_tags,neighborhood,address,latitude,longitude,price_range,phone,website,menu_url,hours,booking_url,delivery_url,instagram_handle,tiktok_handle,google_place_id,is_active,subscription_tier) VALUES ('7fea93af-2ccc-52ae-a472-fdb8eaba85dc','Hash Kitchen','hash-kitchen','{"Brunch","American"}','{"Brunch","Group Dinner","Family"}','Scottsdale','15440 N Greenway Hayden Loop, Scottsdale, AZ 85260',33.623,-111.898,2,'(480) 603-0260','https://hashkitchen.com','https://hashkitchen.com/menu','{"monday":[{"open":"07:00","close":"15:00"}],"tuesday":[{"open":"07:00","close":"15:00"}],"wednesday":[{"open":"07:00","close":"15:00"}],"thursday":[{"open":"07:00","close":"15:00"}],"friday":[{"open":"07:00","close":"15:00"}],"saturday":[{"open":"07:00","close":"16:00"}],"sunday":[{"open":"07:00","close":"16:00"}]}'::jsonb,'https://opentable.com/hash-kitchen',NULL,'@hashkitchen','@hashkitchen','ChIJ_placeholder_025',TRUE,'basic');
INSERT INTO restaurants (id,name,slug,cuisine_types,vibe_tags,neighborhood,address,latitude,longitude,price_range,phone,website,menu_url,hours,booking_url,delivery_url,instagram_handle,tiktok_handle,google_place_id,is_active,subscription_tier) VALUES ('2631a430-3112-5001-8955-9754da4d7401','Little Miss BBQ','little-miss-bbq','{"BBQ/Comfort"}','{"Hidden Gem","Quick Bite"}','Central Phoenix','4301 E University Dr, Phoenix, AZ 85034',33.4217,-111.978,2,'(602) 437-1177','https://littlemissbbq.com','https://littlemissbbq.com/menu','{"monday":null,"tuesday":null,"wednesday":[{"open":"11:00","close":"14:00"}],"thursday":[{"open":"11:00","close":"14:00"}],"friday":[{"open":"11:00","close":"14:00"}],"saturday":[{"open":"11:00","close":"14:00"}],"sunday":null}'::jsonb,NULL,NULL,'@littlemissbbq','@littlemissbbq','ChIJ_placeholder_026',TRUE,'basic');
INSERT INTO restaurants (id,name,slug,cuisine_types,vibe_tags,neighborhood,address,latitude,longitude,price_range,phone,website,menu_url,hours,booking_url,delivery_url,instagram_handle,tiktok_handle,google_place_id,is_active,subscription_tier) VALUES ('3e2d3f99-1f75-5d10-aea1-7158a377b8d9','Churn Ice Cream','churn-ice-cream','{"Dessert/Coffee"}','{"Family","Quick Bite"}','Downtown Phoenix','5223 N Central Ave, Phoenix, AZ 85012',33.514,-112.074,1,'(602) 279-8024','https://churnicecream.com','https://churnicecream.com/flavors','{"monday":[{"open":"12:00","close":"21:00"}],"tuesday":[{"open":"12:00","close":"21:00"}],"wednesday":[{"open":"12:00","close":"21:00"}],"thursday":[{"open":"12:00","close":"21:00"}],"friday":[{"open":"12:00","close":"22:00"}],"saturday":[{"open":"12:00","close":"22:00"}],"sunday":[{"open":"12:00","close":"21:00"}]}'::jsonb,NULL,NULL,'@churnicecream','@churnicecream','ChIJ_placeholder_027',TRUE,'basic');
INSERT INTO restaurants (id,name,slug,cuisine_types,vibe_tags,neighborhood,address,latitude,longitude,price_range,phone,website,menu_url,hours,booking_url,delivery_url,instagram_handle,tiktok_handle,google_place_id,is_active,subscription_tier) VALUES ('4b7e9b49-0731-5f17-9f38-8e02b3a20b33','Berdena''s','berdenas','{"Healthy","American"}','{"Brunch","Patio","Solo-Friendly"}','Downtown Phoenix','7119 N 7th St, Phoenix, AZ 85020',33.526,-112.0618,2,'(602) 509-7633','https://berdenas.com','https://berdenas.com/menu','{"monday":[{"open":"07:00","close":"14:00"}],"tuesday":[{"open":"07:00","close":"14:00"}],"wednesday":[{"open":"07:00","close":"14:00"}],"thursday":[{"open":"07:00","close":"14:00"}],"friday":[{"open":"07:00","close":"14:00"}],"saturday":[{"open":"07:00","close":"15:00"}],"sunday":[{"open":"07:00","close":"15:00"}]}'::jsonb,NULL,NULL,'@berdenas',NULL,'ChIJ_placeholder_028',TRUE,'basic');
INSERT INTO restaurants (id,name,slug,cuisine_types,vibe_tags,neighborhood,address,latitude,longitude,price_range,phone,website,menu_url,hours,booking_url,delivery_url,instagram_handle,tiktok_handle,google_place_id,is_active,subscription_tier) VALUES ('de01e36f-e4be-5aa6-9604-ae75c2c176db','Mora Italian','mora-italian','{"Italian"}','{"Date Night","Splurge-Worthy"}','Arcadia','5651 N 7th St, Phoenix, AZ 85014',33.5165,-112.0618,3,'(602) 795-9943','https://moraitalian.com','https://moraitalian.com/menu','{"monday":null,"tuesday":[{"open":"17:00","close":"21:00"}],"wednesday":[{"open":"17:00","close":"21:00"}],"thursday":[{"open":"17:00","close":"21:00"}],"friday":[{"open":"17:00","close":"22:00"}],"saturday":[{"open":"17:00","close":"22:00"}],"sunday":[{"open":"17:00","close":"21:00"}]}'::jsonb,'https://resy.com/cities/phx/mora-italian',NULL,'@moraitalian',NULL,'ChIJ_placeholder_029',TRUE,'basic');
INSERT INTO restaurants (id,name,slug,cuisine_types,vibe_tags,neighborhood,address,latitude,longitude,price_range,phone,website,menu_url,hours,booking_url,delivery_url,instagram_handle,tiktok_handle,google_place_id,is_active,subscription_tier) VALUES ('06994e33-48bd-54a2-af5f-84fe889cb069','Joe''s Real BBQ','joes-real-bbq','{"BBQ/Comfort"}','{"Family","Patio","Hidden Gem"}','Gilbert','301 N Gilbert Rd, Gilbert, AZ 85234',33.354,-111.7892,2,'(480) 503-3805','https://joesrealbbq.com','https://joesrealbbq.com/menu','{"monday":[{"open":"11:00","close":"21:00"}],"tuesday":[{"open":"11:00","close":"21:00"}],"wednesday":[{"open":"11:00","close":"21:00"}],"thursday":[{"open":"11:00","close":"21:00"}],"friday":[{"open":"11:00","close":"22:00"}],"saturday":[{"open":"11:00","close":"22:00"}],"sunday":[{"open":"11:00","close":"21:00"}]}'::jsonb,NULL,'https://doordash.com/store/joes-real-bbq','@joesrealbbq',NULL,'ChIJ_placeholder_030',TRUE,'basic');

INSERT INTO creators (id,display_name,slug,instagram_handle,tiktok_handle,instagram_followers,tiktok_followers,bio,avatar_url,tier,specialties,areas_covered,rate_range_low,rate_range_high,is_founding_creator,is_active,platform_fee_rate,content_rights_status) VALUES ('aebfc1d8-aaae-5c35-b533-9757904b76b5','Desert Plates','desert-plates','@desertplates','@desertplates',187000,124000,'Your guide to the best eats in the Valley. Tacos, fine dining, and everything in between. Phoenix born and fed.','https://images.unsplash.com/photo-1494790108377-be9c29b29330?w=200&h=200&fit=crop&crop=face','macro','{"Mexican","American","Trendy"}','{"Scottsdale","Downtown Phoenix","Tempe"}',800,2000,TRUE,TRUE,0.05,'granted');
INSERT INTO creators (id,display_name,slug,instagram_handle,tiktok_handle,instagram_followers,tiktok_followers,bio,avatar_url,tier,specialties,areas_covered,rate_range_low,rate_range_high,is_founding_creator,is_active,platform_fee_rate,content_rights_status) VALUES ('fe4d5021-5061-5c4c-9c42-bc3d8aa4f75e','PHX Bites','phx-bites','@phxbites','@phxbites',92000,156000,'Finding the spots that locals love. Short-form food reviews. No filter, just flavor. 🌵🍕','https://images.unsplash.com/photo-1507003211169-0a1dd7228f2d?w=200&h=200&fit=crop&crop=face','mid','{"Pizza","BBQ/Comfort","Hidden Gems"}','{"Central Phoenix","Arcadia","Gilbert"}',400,1000,TRUE,TRUE,0.05,'granted');
INSERT INTO creators (id,display_name,slug,instagram_handle,tiktok_handle,instagram_followers,tiktok_followers,bio,avatar_url,tier,specialties,areas_covered,rate_range_low,rate_range_high,is_founding_creator,is_active,platform_fee_rate,content_rights_status) VALUES ('be79e48e-8038-539e-87e8-ecf3f64e5cf0','Scottsdale Foodie','scottsdale-foodie','@scottsdalefoodie','@scottsdalefoodie',315000,89000,'Scottsdale''s original food account. Fine dining, date nights, and happy hours. DM for collab.','https://images.unsplash.com/photo-1438761681033-6461ffad8d80?w=200&h=200&fit=crop&crop=face','macro','{"Italian","Seafood","Splurge-Worthy"}','{"Old Town Scottsdale","North Scottsdale","Paradise Valley"}',1000,2500,TRUE,TRUE,0.05,'granted');
INSERT INTO creators (id,display_name,slug,instagram_handle,tiktok_handle,instagram_followers,tiktok_followers,bio,avatar_url,tier,specialties,areas_covered,rate_range_low,rate_range_high,is_founding_creator,is_active,platform_fee_rate,content_rights_status) VALUES ('0114e984-c26c-5ef0-abcd-61724f9e0190','Brunch & Beyond AZ','brunch-and-beyond-az','@brunchandbeyondaz','@brunchandbeyondaz',48000,71000,'Weekend brunch is a lifestyle. Also: coffee, cocktails, and the occasional taco emergency. She/her.','https://images.unsplash.com/photo-1534528741775-53994a69daeb?w=200&h=200&fit=crop&crop=face','mid','{"Brunch","Dessert/Coffee","Healthy"}','{"Tempe","Arcadia","Mesa"}',300,800,TRUE,TRUE,0.05,'granted');
INSERT INTO creators (id,display_name,slug,instagram_handle,tiktok_handle,instagram_followers,tiktok_followers,bio,avatar_url,tier,specialties,areas_covered,rate_range_low,rate_range_high,is_founding_creator,is_active,platform_fee_rate,content_rights_status) VALUES ('c484f03b-8621-540e-832d-1437f40b0ece','The Hungry Coyote','the-hungry-coyote','@thehungrycoyote','@thehungrycoyote',23000,42000,'Phoenix food from the west side to the east side. BBQ, street tacos, and dive bars. The spots your GPS doesn''t know about.','https://images.unsplash.com/photo-1500648767791-00dcc994a43e?w=200&h=200&fit=crop&crop=face','micro','{"BBQ/Comfort","Mexican","Hidden Gems"}','{"Gilbert","Chandler","Peoria","Cave Creek"}',200,500,TRUE,TRUE,0.05,'granted');

INSERT INTO content (id,creator_id,restaurant_id,content_type,media_url,thumbnail_url,duration_seconds,aspect_ratio,original_platform,caption,cuisine_tags,vibe_tags,sponsorship_status,publish_date,is_active) VALUES ('3600f50d-ec59-56aa-9e86-9c71d6b2a5e0','aebfc1d8-aaae-5c35-b533-9757904b76b5','39d6a76c-a0af-56bb-93ff-740046b527c1','video','https://images.unsplash.com/photo-1565299624946-b28f40a0ae38?w=640&h=800&fit=crop','https://images.unsplash.com/photo-1565299624946-b28f40a0ae38?w=640&h=800&fit=crop',12,'0.8','instagram','The yellowtail tostada at Marisco Boys is unreal. Fresh fish piled high, black garlic aioli, crispy tortillas. This is date night seafood done RIGHT. 🐟🔥','{"Mexican","Seafood"}','{"Date Night","Trendy / New"}','organic',CURRENT_DATE,TRUE);
INSERT INTO content (id,creator_id,restaurant_id,content_type,media_url,thumbnail_url,duration_seconds,aspect_ratio,original_platform,caption,cuisine_tags,vibe_tags,sponsorship_status,publish_date,is_active) VALUES ('bf564fca-7a03-5f9a-bfac-2a56f53ff4d2','be79e48e-8038-539e-87e8-ecf3f64e5cf0','0c9ed30c-776b-5ee4-8f49-5620b18f09b2','video','https://images.unsplash.com/photo-1414235077428-338989a2e8c0?w=640&h=800&fit=crop','https://images.unsplash.com/photo-1414235077428-338989a2e8c0?w=640&h=800&fit=crop',15,'0.8','instagram','Pretty Penny on Roosevelt Row just set a new standard. Welcome bubbles, housemade pasta, and they serve caviar AT COST. The ricotta cavatelli had me speechless.','{"Italian"}','{"Splurge-Worthy","Date Night"}','organic',CURRENT_DATE,TRUE);
INSERT INTO content (id,creator_id,restaurant_id,content_type,media_url,thumbnail_url,duration_seconds,aspect_ratio,original_platform,caption,cuisine_tags,vibe_tags,sponsorship_status,publish_date,is_active) VALUES ('191504ce-4f2a-565e-8090-0c4de29ba3a4','aebfc1d8-aaae-5c35-b533-9757904b76b5','e379a363-6762-5045-916c-ac0081fff350','video','https://images.unsplash.com/photo-1504674900247-0877df9cc836?w=640&h=800&fit=crop','https://images.unsplash.com/photo-1504674900247-0877df9cc836?w=640&h=800&fit=crop',10,'0.8','tiktok','Filthy Animal in Tempe has a STUFFED JAGUAR in the dining room. But the real star is this wagyu burger with truffle fries. Decor is insane, food matches. Mill Ave just leveled up.','{"American"}','{"Trendy / New","Group Dinner"}','organic',CURRENT_DATE,TRUE);
INSERT INTO content (id,creator_id,restaurant_id,content_type,media_url,thumbnail_url,duration_seconds,aspect_ratio,original_platform,caption,cuisine_tags,vibe_tags,sponsorship_status,publish_date,is_active) VALUES ('79dedc88-bb7d-5b77-966b-debe19024f3e','be79e48e-8038-539e-87e8-ecf3f64e5cf0','c11740cd-352a-5243-a1b3-46ba428209e5','photo','https://images.unsplash.com/photo-1585937421612-70a008356fbe?w=640&h=800&fit=crop','https://images.unsplash.com/photo-1585937421612-70a008356fbe?w=640&h=800&fit=crop',0,'0.8','instagram','Indibar replaced Rancho Pinot and it''s STUNNING. Kerala-inspired branzino wrapped in banana leaf, opened tableside. Butter chicken that redefines the category. This is elevated Indian dining done with soul.','{"Asian"}','{"Splurge-Worthy","Date Night"}','organic',CURRENT_DATE,TRUE);
INSERT INTO content (id,creator_id,restaurant_id,content_type,media_url,thumbnail_url,duration_seconds,aspect_ratio,original_platform,caption,cuisine_tags,vibe_tags,sponsorship_status,publish_date,is_active) VALUES ('41a49c43-ddf8-59b4-9cef-477e254b955b','fe4d5021-5061-5c4c-9c42-bc3d8aa4f75e','c8731cf1-48c2-568b-b4fe-cd058c0299e5','video','https://images.unsplash.com/photo-1473093295043-cdd812d0e601?w=640&h=800&fit=crop','https://images.unsplash.com/photo-1473093295043-cdd812d0e601?w=640&h=800&fit=crop',14,'0.8','instagram','Bar Capri is hiding in a Tempe strip mall and it''s one of the best Italian spots in the Valley. Lasagna is THICK. Tiramisu is the real deal. Green walls, gold candelabras — feels like a secret.','{"Italian"}','{"Hidden Gem","Date Night"}','organic',CURRENT_DATE,TRUE);
INSERT INTO content (id,creator_id,restaurant_id,content_type,media_url,thumbnail_url,duration_seconds,aspect_ratio,original_platform,caption,cuisine_tags,vibe_tags,sponsorship_status,publish_date,is_active) VALUES ('00fa487c-7994-57e9-b238-e2a4427ab257','aebfc1d8-aaae-5c35-b533-9757904b76b5','67d31a19-05f2-53f7-8311-7e9f66bf6d82','video','https://images.unsplash.com/photo-1551024709-8f23befc6f87?w=640&h=800&fit=crop','https://images.unsplash.com/photo-1551024709-8f23befc6f87?w=640&h=800&fit=crop',8,'0.8','tiktok','The Spam Folder cocktail at Liquor Pig is going VIRAL and honestly? It lives up to the hype. Old Town Scottsdale''s wildest new bar. Go.','{"American"}','{"Happy Hour","Late Night"}','organic',CURRENT_DATE,TRUE);
INSERT INTO content (id,creator_id,restaurant_id,content_type,media_url,thumbnail_url,duration_seconds,aspect_ratio,original_platform,caption,cuisine_tags,vibe_tags,sponsorship_status,publish_date,is_active) VALUES ('f292097f-f669-5c99-aaff-21a5bdf00477','be79e48e-8038-539e-87e8-ecf3f64e5cf0','a05ec10e-2378-56cc-b764-d09f502e3814','video','https://images.unsplash.com/photo-1544025162-d76694265947?w=640&h=800&fit=crop','https://images.unsplash.com/photo-1544025162-d76694265947?w=640&h=800&fit=crop',13,'0.8','instagram','The Ends in Old Town is giving Anthony Bourdain energy. 8-bone rack of lamb for the table? Yes. Handmade pasta? Perfect. This is Scottsdale dining with actual soul.','{"American","Italian"}','{"Splurge-Worthy","Group Dinner"}','organic',CURRENT_DATE,TRUE);
INSERT INTO content (id,creator_id,restaurant_id,content_type,media_url,thumbnail_url,duration_seconds,aspect_ratio,original_platform,caption,cuisine_tags,vibe_tags,sponsorship_status,publish_date,is_active) VALUES ('3a40926c-c6dc-5cc9-89dd-e65f6e8ea758','be79e48e-8038-539e-87e8-ecf3f64e5cf0','f1e011c6-e31c-53dd-8f77-885b0645820b','photo','https://images.unsplash.com/photo-1482049016688-2d3e1b311543?w=640&h=800&fit=crop','https://images.unsplash.com/photo-1482049016688-2d3e1b311543?w=640&h=800&fit=crop',0,'0.8','instagram','Andreoli Italian Grocer: burrata made FROM SCRATCH, paninis stacked with proper Italian meats, and a dessert case that will ruin your diet. 50 visits in and I''m still discovering new things.','{"Italian"}','{"Hidden Gem","Solo-Friendly"}','organic',CURRENT_DATE,TRUE);
INSERT INTO content (id,creator_id,restaurant_id,content_type,media_url,thumbnail_url,duration_seconds,aspect_ratio,original_platform,caption,cuisine_tags,vibe_tags,sponsorship_status,publish_date,is_active) VALUES ('40d419fc-34cf-582b-a16a-01d199e08a88','aebfc1d8-aaae-5c35-b533-9757904b76b5','f86385c1-81d7-50d2-b984-4f9a95071f44','video','https://images.unsplash.com/photo-1559339352-11d035aa65de?w=640&h=800&fit=crop','https://images.unsplash.com/photo-1559339352-11d035aa65de?w=640&h=800&fit=crop',11,'0.8','instagram','15 years and Citizen Public House still has the best chopped salad in Scottsdale. The patio at sunset? Unmatched. If you haven''t been, what are you doing.','{"American"}','{"Happy Hour","Patio"}','organic',CURRENT_DATE,TRUE);
INSERT INTO content (id,creator_id,restaurant_id,content_type,media_url,thumbnail_url,duration_seconds,aspect_ratio,original_platform,caption,cuisine_tags,vibe_tags,sponsorship_status,publish_date,is_active) VALUES ('44251b45-772b-5eff-b095-c4c2615bd095','fe4d5021-5061-5c4c-9c42-bc3d8aa4f75e','1aa764d0-0c40-56d4-97c1-c31293286689','video','https://images.unsplash.com/photo-1551504734-5ee1c4a1479b?w=640&h=800&fit=crop','https://images.unsplash.com/photo-1551504734-5ee1c4a1479b?w=640&h=800&fit=crop',9,'0.8','tiktok','Taco Boys birria tacos. $3 each. Consomé on the side. This is the real deal Phoenix street food and I will not apologize for eating four of them.','{"Mexican"}','{"Quick Bite","Solo-Friendly"}','organic',CURRENT_DATE,TRUE);
INSERT INTO content (id,creator_id,restaurant_id,content_type,media_url,thumbnail_url,duration_seconds,aspect_ratio,original_platform,caption,cuisine_tags,vibe_tags,sponsorship_status,publish_date,is_active) VALUES ('8597e99f-1492-53ca-a313-a841cf0b4b1b','aebfc1d8-aaae-5c35-b533-9757904b76b5','6edff5ea-76b9-54f3-b34c-c358a07cc407','video','https://images.unsplash.com/photo-1569718212165-3a8278d5f624?w=640&h=800&fit=crop','https://images.unsplash.com/photo-1569718212165-3a8278d5f624?w=640&h=800&fit=crop',12,'0.8','instagram','Lom Wong just won a James Beard Award and the hype is REAL. Thai flavors you won''t find anywhere else in Phoenix. The drunken noodles have heat that builds in waves. Roosevelt Row treasure.','{"Asian"}','{"Hidden Gem","Trendy / New"}','organic',CURRENT_DATE,TRUE);
INSERT INTO content (id,creator_id,restaurant_id,content_type,media_url,thumbnail_url,duration_seconds,aspect_ratio,original_platform,caption,cuisine_tags,vibe_tags,sponsorship_status,publish_date,is_active) VALUES ('f10ef43e-2a9c-578e-af87-4103fe9023c6','fe4d5021-5061-5c4c-9c42-bc3d8aa4f75e','aa58ddff-afd7-595e-9db5-5f71d7802e78','photo','https://images.unsplash.com/photo-1513104890138-7c749659a591?w=640&h=800&fit=crop','https://images.unsplash.com/photo-1513104890138-7c749659a591?w=640&h=800&fit=crop',0,'0.8','instagram','Spinato''s has been the answer to ''best pizza in AZ'' since 1974 and I''m not about to argue. The Valentina with Calabrian chile and local honey? Phoenix royalty. 🍕👑','{"Pizza"}','{"Family"}','organic',CURRENT_DATE,TRUE);
INSERT INTO content (id,creator_id,restaurant_id,content_type,media_url,thumbnail_url,duration_seconds,aspect_ratio,original_platform,caption,cuisine_tags,vibe_tags,sponsorship_status,publish_date,is_active) VALUES ('17fda3cf-f7a5-555d-af0f-15cfa000455e','be79e48e-8038-539e-87e8-ecf3f64e5cf0','7260df7e-f96b-59b6-8b1e-d1a56acc6fb4','video','https://images.unsplash.com/photo-1517248135467-4c7edcad34c4?w=640&h=800&fit=crop','https://images.unsplash.com/photo-1517248135467-4c7edcad34c4?w=640&h=800&fit=crop',14,'0.8','instagram','The Guest House at Scottsdale Quarter is giving main character energy. Warm lighting, lush greenery, cocktails that are almost too pretty to drink. Almost. New spot, already a favorite.','{"American"}','{"Trendy / New","Date Night"}','organic',CURRENT_DATE,TRUE);
INSERT INTO content (id,creator_id,restaurant_id,content_type,media_url,thumbnail_url,duration_seconds,aspect_ratio,original_platform,caption,cuisine_tags,vibe_tags,sponsorship_status,publish_date,is_active) VALUES ('697bd8ec-80c6-5931-be9c-00c08862cac9','0114e984-c26c-5ef0-abcd-61724f9e0190','1752c71b-93a4-5d92-b001-d9aace882c4b','video','https://images.unsplash.com/photo-1567620905732-2d1ec7ab7445?w=640&h=800&fit=crop','https://images.unsplash.com/photo-1567620905732-2d1ec7ab7445?w=640&h=800&fit=crop',10,'0.8','tiktok','Prep & Pastry brunch is the move. Churro waffle with dulce de leche? I''m weak. Patio seating on a Saturday morning in Scottsdale hits different.','{"Brunch"}','{"Brunch","Patio"}','organic',CURRENT_DATE,TRUE);
INSERT INTO content (id,creator_id,restaurant_id,content_type,media_url,thumbnail_url,duration_seconds,aspect_ratio,original_platform,caption,cuisine_tags,vibe_tags,sponsorship_status,publish_date,is_active) VALUES ('b130495e-ed02-5b4b-9a35-9314e073816c','0114e984-c26c-5ef0-abcd-61724f9e0190','55710404-6d98-5dc4-9342-c2ce96e3f5a2','photo','https://images.unsplash.com/photo-1525351484163-7529414344d8?w=640&h=800&fit=crop','https://images.unsplash.com/photo-1525351484163-7529414344d8?w=640&h=800&fit=crop',0,'0.8','instagram','LGO (La Grande Orange) on a Sunday morning is a Phoenix institution for a reason. Fresh pastries, strong coffee, and the BEST people watching in Arcadia. Bring the whole family.','{"Brunch","American"}','{"Brunch","Family","Patio"}','organic',CURRENT_DATE,TRUE);
INSERT INTO content (id,creator_id,restaurant_id,content_type,media_url,thumbnail_url,duration_seconds,aspect_ratio,original_platform,caption,cuisine_tags,vibe_tags,sponsorship_status,publish_date,is_active) VALUES ('d717cb18-288f-5322-b60e-d65fff2e9163','c484f03b-8621-540e-832d-1437f40b0ece','2631a430-3112-5001-8955-9754da4d7401','video','https://images.unsplash.com/photo-1529193591184-b1d58069ecdd?w=640&h=800&fit=crop','https://images.unsplash.com/photo-1529193591184-b1d58069ecdd?w=640&h=800&fit=crop',11,'0.8','tiktok','Little Miss BBQ brisket is the hill I will die on. Get there early — line wraps around the building by 11:30. They close when they sell out. Worth. Every. Minute. 🥩💨','{"BBQ/Comfort"}','{"Hidden Gem"}','organic',CURRENT_DATE,TRUE);
INSERT INTO content (id,creator_id,restaurant_id,content_type,media_url,thumbnail_url,duration_seconds,aspect_ratio,original_platform,caption,cuisine_tags,vibe_tags,sponsorship_status,publish_date,is_active) VALUES ('cb31656d-74b4-558e-b31d-c6473dfdbfe8','c484f03b-8621-540e-832d-1437f40b0ece','9b8c3da4-851d-539b-ac64-26af2288dda6','video','https://images.unsplash.com/photo-1558030006-450675393462?w=640&h=800&fit=crop','https://images.unsplash.com/photo-1558030006-450675393462?w=640&h=800&fit=crop',13,'0.8','instagram','Tonto Bar & Grill in Cave Creek is the kind of place that makes you forget you''re 30 min from downtown. Mesquite-grilled everything, patio under the stars, cowboy energy. Drive is worth it.','{"American","BBQ/Comfort"}','{"Patio","Hidden Gem"}','organic',CURRENT_DATE,TRUE);
INSERT INTO content (id,creator_id,restaurant_id,content_type,media_url,thumbnail_url,duration_seconds,aspect_ratio,original_platform,caption,cuisine_tags,vibe_tags,sponsorship_status,publish_date,is_active) VALUES ('3dea7388-a31e-58dc-b2b5-66bc5fc3fd4a','0114e984-c26c-5ef0-abcd-61724f9e0190','3e2d3f99-1f75-5d10-aea1-7158a377b8d9','photo','https://images.unsplash.com/photo-1563805042-7684c019e1cb?w=640&h=800&fit=crop','https://images.unsplash.com/photo-1563805042-7684c019e1cb?w=640&h=800&fit=crop',0,'0.8','instagram','Churn Ice Cream prickly pear sorbet is the most Phoenix thing you can eat. Bright purple, tangy sweet, and it photographs like a dream. Central Ave essential.','{"Dessert/Coffee"}','{"Quick Bite","Family"}','organic',CURRENT_DATE,TRUE);
INSERT INTO content (id,creator_id,restaurant_id,content_type,media_url,thumbnail_url,duration_seconds,aspect_ratio,original_platform,caption,cuisine_tags,vibe_tags,sponsorship_status,publish_date,is_active) VALUES ('82c405da-bacb-5708-b12e-15556c272e3c','fe4d5021-5061-5c4c-9c42-bc3d8aa4f75e','04fabb4d-7ba8-580b-9efd-ad069f5963a4','video','https://images.unsplash.com/photo-1582878826629-29b7ad1cdc43?w=640&h=800&fit=crop','https://images.unsplash.com/photo-1582878826629-29b7ad1cdc43?w=640&h=800&fit=crop',9,'0.8','tiktok','Pho Thanh. $12 pho. Enormous bowl. No Instagram presence. No fancy decor. Just the best pho in Phoenix. This is the content I''m here for.','{"Asian"}','{"Quick Bite","Hidden Gem","Solo-Friendly"}','organic',CURRENT_DATE,TRUE);
INSERT INTO content (id,creator_id,restaurant_id,content_type,media_url,thumbnail_url,duration_seconds,aspect_ratio,original_platform,caption,cuisine_tags,vibe_tags,sponsorship_status,publish_date,is_active) VALUES ('1eff1ebb-4d6c-5898-854b-a1d862c89a3a','be79e48e-8038-539e-87e8-ecf3f64e5cf0','56c3489f-9257-55b9-8195-cc142a46b2d0','video','https://images.unsplash.com/photo-1559339352-11d035aa65de?w=640&h=800&fit=crop','https://images.unsplash.com/photo-1559339352-11d035aa65de?w=640&h=800&fit=crop',15,'0.8','instagram','Catch just opened at Scottsdale Fashion Square and it''s giving LA energy. Sushi platter for two, wagyu tartare, and a cocktail menu that doesn''t miss. If you''re celebrating, this is the spot.','{"Seafood","American"}','{"Splurge-Worthy","Date Night"}','organic',CURRENT_DATE,TRUE);
INSERT INTO content (id,creator_id,restaurant_id,content_type,media_url,thumbnail_url,duration_seconds,aspect_ratio,original_platform,caption,cuisine_tags,vibe_tags,sponsorship_status,publish_date,is_active) VALUES ('00124ef2-1282-5c82-8c28-f628c726ea3e','0114e984-c26c-5ef0-abcd-61724f9e0190','7fea93af-2ccc-52ae-a472-fdb8eaba85dc','video','https://images.unsplash.com/photo-1533089860892-a7c6f0a88666?w=640&h=800&fit=crop','https://images.unsplash.com/photo-1533089860892-a7c6f0a88666?w=640&h=800&fit=crop',10,'0.8','tiktok','Hash Kitchen''s build-your-own bloody mary bar is CHAOS in the best way. Bacon strips, shrimp, candy, pickles — all hanging off your glass. Bring your friends. It''s a whole activity.','{"Brunch"}','{"Brunch","Group Dinner"}','organic',CURRENT_DATE,TRUE);
INSERT INTO content (id,creator_id,restaurant_id,content_type,media_url,thumbnail_url,duration_seconds,aspect_ratio,original_platform,caption,cuisine_tags,vibe_tags,sponsorship_status,publish_date,is_active) VALUES ('aaa84760-7285-544a-b704-913df5260d69','aebfc1d8-aaae-5c35-b533-9757904b76b5','a32fe463-8fb9-5168-9c86-7d97cba1aff7','photo','https://images.unsplash.com/photo-1510812431401-41d2bd2722f3?w=640&h=800&fit=crop','https://images.unsplash.com/photo-1510812431401-41d2bd2722f3?w=640&h=800&fit=crop',0,'0.8','instagram','Postino $5 pitchers of wine til 5pm is the best happy hour deal in Phoenix, fight me. Bruschetta board + a pitcher on the Arcadia patio. This is peak.','{"American","Italian"}','{"Happy Hour","Patio"}','organic',CURRENT_DATE,TRUE);
INSERT INTO content (id,creator_id,restaurant_id,content_type,media_url,thumbnail_url,duration_seconds,aspect_ratio,original_platform,caption,cuisine_tags,vibe_tags,sponsorship_status,publish_date,is_active) VALUES ('1c15c188-4dde-525d-b8c0-a0b803e6d99a','0114e984-c26c-5ef0-abcd-61724f9e0190','4b7e9b49-0731-5f17-9f38-8e02b3a20b33','photo','https://images.unsplash.com/photo-1512621776951-a57141f2eefd?w=640&h=800&fit=crop','https://images.unsplash.com/photo-1512621776951-a57141f2eefd?w=640&h=800&fit=crop',0,'0.8','instagram','Berdena''s is proof that healthy food doesn''t have to be boring. Grain bowl with chimichurri, pickled onions, and a perfect poached egg. The patio is tiny and perfect.','{"Healthy"}','{"Brunch","Solo-Friendly"}','organic',CURRENT_DATE,TRUE);
INSERT INTO content (id,creator_id,restaurant_id,content_type,media_url,thumbnail_url,duration_seconds,aspect_ratio,original_platform,caption,cuisine_tags,vibe_tags,sponsorship_status,publish_date,is_active) VALUES ('853343a6-878c-5acf-9dd4-0f001eccfda7','be79e48e-8038-539e-87e8-ecf3f64e5cf0','de01e36f-e4be-5aa6-9604-ae75c2c176db','video','https://images.unsplash.com/photo-1555396273-367ea4eb4db5?w=640&h=800&fit=crop','https://images.unsplash.com/photo-1555396273-367ea4eb4db5?w=640&h=800&fit=crop',12,'0.8','instagram','Mora Italian''s cacio e pepe is the dish I judge all other pasta by. Simple, perfect, and served in a space that feels like a love letter to Italian cooking. Top 5 dinner spot in Phoenix.','{"Italian"}','{"Date Night","Splurge-Worthy"}','organic',CURRENT_DATE,TRUE);
INSERT INTO content (id,creator_id,restaurant_id,content_type,media_url,thumbnail_url,duration_seconds,aspect_ratio,original_platform,caption,cuisine_tags,vibe_tags,sponsorship_status,publish_date,is_active) VALUES ('9d65a478-939e-5633-8ffb-24dd172aebf8','c484f03b-8621-540e-832d-1437f40b0ece','06994e33-48bd-54a2-af5f-84fe889cb069','video','https://images.unsplash.com/photo-1606728035253-49e8a23146de?w=640&h=800&fit=crop','https://images.unsplash.com/photo-1606728035253-49e8a23146de?w=640&h=800&fit=crop',10,'0.8','tiktok','Joe''s Real BBQ in Gilbert smokes everything over pecan wood and you can TASTE it. Pulled pork sandwich, beans, slaw. $14. Patio has live music on weekends. This is Arizona BBQ.','{"BBQ/Comfort"}','{"Family","Patio"}','organic',CURRENT_DATE,TRUE);
INSERT INTO content (id,creator_id,restaurant_id,content_type,media_url,thumbnail_url,duration_seconds,aspect_ratio,original_platform,caption,cuisine_tags,vibe_tags,sponsorship_status,publish_date,is_active) VALUES ('7645989b-d737-51f7-b5cf-d786d962ec42','aebfc1d8-aaae-5c35-b533-9757904b76b5','09028173-0fb6-5506-ba95-26046a566b41','video','https://images.unsplash.com/photo-1551218808-94e220e084d2?w=640&h=800&fit=crop','https://images.unsplash.com/photo-1551218808-94e220e084d2?w=640&h=800&fit=crop',14,'0.8','instagram','Cielito just opened on the rooftop of the new AC Hotel in Old Town. Northwest Mexican coastal flavors, Camelback Mountain views, and cocktails that slap. This is the new Scottsdale rooftop to beat.','{"Mexican"}','{"Trendy / New","Patio","Splurge-Worthy"}','organic',CURRENT_DATE,TRUE);
INSERT INTO content (id,creator_id,restaurant_id,content_type,media_url,thumbnail_url,duration_seconds,aspect_ratio,original_platform,caption,cuisine_tags,vibe_tags,sponsorship_status,publish_date,is_active) VALUES ('85e648d8-7ed0-5b2d-ace0-bdc35620c1fb','fe4d5021-5061-5c4c-9c42-bc3d8aa4f75e','24ab1645-f1b2-5fc8-ade4-3afb54ee589e','video','https://images.unsplash.com/photo-1534352956036-cd81e27dd615?w=640&h=800&fit=crop','https://images.unsplash.com/photo-1534352956036-cd81e27dd615?w=640&h=800&fit=crop',8,'0.8','tiktok','Gadzooks sweet & spicy cornbread tacos sound weird but TRUST ME. Fresh house-made tortillas. Christmas sauce (red + green). Under $10. Arcadia sleeper hit.','{"Mexican"}','{"Quick Bite","Family"}','organic',CURRENT_DATE,TRUE);
INSERT INTO content (id,creator_id,restaurant_id,content_type,media_url,thumbnail_url,duration_seconds,aspect_ratio,original_platform,caption,cuisine_tags,vibe_tags,sponsorship_status,publish_date,is_active) VALUES ('3e2036d1-ee10-5c14-83f5-017ebbca15de','be79e48e-8038-539e-87e8-ecf3f64e5cf0','67cbd057-102a-5418-8d6e-e84d022d574e','photo','https://images.unsplash.com/photo-1481931098730-318b6f776db0?w=640&h=800&fit=crop','https://images.unsplash.com/photo-1481931098730-318b6f776db0?w=640&h=800&fit=crop',0,'0.8','instagram','Fellow Osteria at SkySong just nailed their Lunch Love deal — half pizza + salad for $15. Handmade pasta, full coffee bar, award-winning cocktails. This is a Scottsdale all-day spot.','{"Italian"}','{"Happy Hour","Patio"}','organic',CURRENT_DATE,TRUE);
INSERT INTO content (id,creator_id,restaurant_id,content_type,media_url,thumbnail_url,duration_seconds,aspect_ratio,original_platform,caption,cuisine_tags,vibe_tags,sponsorship_status,publish_date,is_active) VALUES ('8869c841-95b8-5691-a462-ae5436f12d15','c484f03b-8621-540e-832d-1437f40b0ece','a51e7ba2-2518-54eb-a258-45caf70aea3a','photo','https://images.unsplash.com/photo-1540189549336-e6e99c3679fe?w=640&h=800&fit=crop','https://images.unsplash.com/photo-1540189549336-e6e99c3679fe?w=640&h=800&fit=crop',0,'0.8','instagram','Green Corner in Gilbert. Lamb gyro plate. Crispy falafel. Under $12. This is the Mediterranean spot nobody talks about and I need that to change.','{"Healthy"}','{"Quick Bite","Solo-Friendly"}','organic',CURRENT_DATE,TRUE);
INSERT INTO content (id,creator_id,restaurant_id,content_type,media_url,thumbnail_url,duration_seconds,aspect_ratio,original_platform,caption,cuisine_tags,vibe_tags,sponsorship_status,publish_date,is_active) VALUES ('445b169a-81a7-525b-be4b-d3079194f12a','c484f03b-8621-540e-832d-1437f40b0ece','d836fae2-57ce-5a2e-b725-101898c73cf3','video','https://images.unsplash.com/photo-1551782450-17144efb9c50?w=640&h=800&fit=crop','https://images.unsplash.com/photo-1551782450-17144efb9c50?w=640&h=800&fit=crop',11,'0.8','instagram','Sparrow in Peoria is giving Scottsdale vibes in the West Valley. Velvet booths, bird cage pendant lights, and a kitchen that doesn''t play it safe. Eclectic American at its best.','{"American"}','{"Date Night","Trendy / New"}','organic',CURRENT_DATE,TRUE);
INSERT INTO content (id,creator_id,restaurant_id,content_type,media_url,thumbnail_url,duration_seconds,aspect_ratio,original_platform,caption,cuisine_tags,vibe_tags,sponsorship_status,publish_date,is_active) VALUES ('950bc7d4-7216-57c7-840a-21d791004435','aebfc1d8-aaae-5c35-b533-9757904b76b5','39d6a76c-a0af-56bb-93ff-740046b527c1','photo','https://images.unsplash.com/photo-1579631542720-3a87824fff86?w=640&h=800&fit=crop','https://images.unsplash.com/photo-1579631542720-3a87824fff86?w=640&h=800&fit=crop',0,'0.8','instagram','Hot molcajete at Marisco Boys with shrimp, octopus, and steak. This thing is BUBBLING when it hits the table. Date night seafood that actually delivers.','{"Mexican","Seafood"}','{"Date Night"}','organic',CURRENT_DATE,TRUE);
INSERT INTO content (id,creator_id,restaurant_id,content_type,media_url,thumbnail_url,duration_seconds,aspect_ratio,original_platform,caption,cuisine_tags,vibe_tags,sponsorship_status,publish_date,is_active) VALUES ('07d6f925-f341-548f-9ca2-f588ecdea6f7','fe4d5021-5061-5c4c-9c42-bc3d8aa4f75e','2631a430-3112-5001-8955-9754da4d7401','photo','https://images.unsplash.com/photo-1544025162-d76694265947?w=640&h=800&fit=crop','https://images.unsplash.com/photo-1544025162-d76694265947?w=640&h=800&fit=crop',0,'0.8','instagram','Little Miss BBQ ribs close-up. Bark so good it should be illegal. Smoke ring for days. If you know, you know.','{"BBQ/Comfort"}','{"Hidden Gem"}','organic',CURRENT_DATE,TRUE);
INSERT INTO content (id,creator_id,restaurant_id,content_type,media_url,thumbnail_url,duration_seconds,aspect_ratio,original_platform,caption,cuisine_tags,vibe_tags,sponsorship_status,publish_date,is_active) VALUES ('725e5ffb-bbbd-5016-bff5-af480736d389','0114e984-c26c-5ef0-abcd-61724f9e0190','1752c71b-93a4-5d92-b001-d9aace882c4b','photo','https://images.unsplash.com/photo-1484723091739-30a097e8f929?w=640&h=800&fit=crop','https://images.unsplash.com/photo-1484723091739-30a097e8f929?w=640&h=800&fit=crop',0,'0.8','instagram','Prep & Pastry avocado toast with a poached egg and dukkah spice. Simple, gorgeous, and exactly what Saturday morning should taste like.','{"Brunch"}','{"Brunch","Patio"}','organic',CURRENT_DATE,TRUE);
INSERT INTO content (id,creator_id,restaurant_id,content_type,media_url,thumbnail_url,duration_seconds,aspect_ratio,original_platform,caption,cuisine_tags,vibe_tags,sponsorship_status,publish_date,is_active) VALUES ('d1cc0e37-548b-57e3-a159-12721f5542e8','aebfc1d8-aaae-5c35-b533-9757904b76b5','6edff5ea-76b9-54f3-b34c-c358a07cc407','photo','https://images.unsplash.com/photo-1455619452474-d2be8b1e70cd?w=640&h=800&fit=crop','https://images.unsplash.com/photo-1455619452474-d2be8b1e70cd?w=640&h=800&fit=crop',0,'0.8','instagram','Lom Wong pad see ew closeup. The wok char on these noodles is PERFECT. James Beard winner for a reason. Get here before the line wraps.','{"Asian"}','{"Hidden Gem"}','organic',CURRENT_DATE,TRUE);
INSERT INTO content (id,creator_id,restaurant_id,content_type,media_url,thumbnail_url,duration_seconds,aspect_ratio,original_platform,caption,cuisine_tags,vibe_tags,sponsorship_status,publish_date,is_active) VALUES ('1de40c41-b559-55c2-bf18-19647c2aed77','be79e48e-8038-539e-87e8-ecf3f64e5cf0','de01e36f-e4be-5aa6-9604-ae75c2c176db','photo','https://images.unsplash.com/photo-1460306855393-0410f61241c7?w=640&h=800&fit=crop','https://images.unsplash.com/photo-1460306855393-0410f61241c7?w=640&h=800&fit=crop',0,'0.8','instagram','Mora Italian wood-fired pizza. Blistered crust, San Marzano tomatoes, fresh mozz. They make it look effortless but you can taste the decades of craft.','{"Italian"}','{"Date Night"}','organic',CURRENT_DATE,TRUE);

INSERT INTO dishes (id,restaurant_id,name,slug,category,price,description,feature_count) VALUES ('d0678027-4816-5b85-9858-66533b1ab0eb','39d6a76c-a0af-56bb-93ff-740046b527c1','Yellowtail Tostada','yellowtail-tostada','Appetizer',18,'Fresh yellowtail, black garlic aioli, avocado, fried leeks on crispy tortillas',1);
INSERT INTO dishes (id,restaurant_id,name,slug,category,price,description,feature_count) VALUES ('3f5f10ae-ac99-50c4-a8d4-5723e140c926','39d6a76c-a0af-56bb-93ff-740046b527c1','Hot Molcajete','hot-molcajete','Entree',32,'Shrimp, octopus, steak in bubbling molcajete with salsa',1);
INSERT INTO dishes (id,restaurant_id,name,slug,category,price,description,feature_count) VALUES ('82c53993-a0da-5c0a-8f0c-01b13756f519','0c9ed30c-776b-5ee4-8f49-5620b18f09b2','Ricotta Cavatelli','ricotta-cavatelli','Entree',28,'Housemade cavatelli with fresh ricotta and seasonal ragu',1);
INSERT INTO dishes (id,restaurant_id,name,slug,category,price,description,feature_count) VALUES ('8a97da80-b39d-5071-aa03-07e13ef8f708','0c9ed30c-776b-5ee4-8f49-5620b18f09b2','Caviar Service','caviar-service','Appetizer',0,'Caviar served at cost — rotating selection',1);
INSERT INTO dishes (id,restaurant_id,name,slug,category,price,description,feature_count) VALUES ('7d942c04-0355-5638-a79a-ef0fdf3a68fe','e379a363-6762-5045-916c-ac0081fff350','Wagyu Burger','wagyu-burger','Entree',24,'Wagyu beef patty with house sauce and truffle fries',1);
INSERT INTO dishes (id,restaurant_id,name,slug,category,price,description,feature_count) VALUES ('ab1a071c-5f63-543d-be44-efe1fb097436','c11740cd-352a-5243-a1b3-46ba428209e5','Meen Pollichathu','meen-pollichathu','Entree',38,'Kerala-inspired banana leaf-wrapped branzino with curry leaves',1);
INSERT INTO dishes (id,restaurant_id,name,slug,category,price,description,feature_count) VALUES ('6edfa529-da23-57ad-9c6e-e069533d5072','c11740cd-352a-5243-a1b3-46ba428209e5','Butter Chicken','butter-chicken','Entree',28,'Char-grilled chicken in complex, creamy tomato sauce',1);
INSERT INTO dishes (id,restaurant_id,name,slug,category,price,description,feature_count) VALUES ('50acbf27-dd7a-5663-a018-9ab2cb642f0e','c8731cf1-48c2-568b-b4fe-cd058c0299e5','Lasagna','lasagna','Entree',22,'Hearty layered lasagna with bolognese and bechamel',1);
INSERT INTO dishes (id,restaurant_id,name,slug,category,price,description,feature_count) VALUES ('8ca542d0-daac-5c1e-a963-394a21affa53','1aa764d0-0c40-56d4-97c1-c31293286689','Birria Tacos','birria-tacos','Entree',3,'Birria beef in crispy tortilla with consomé on the side',1);
INSERT INTO dishes (id,restaurant_id,name,slug,category,price,description,feature_count) VALUES ('9ce65b0e-435a-5b80-9e0b-c5398eda34cc','6edff5ea-76b9-54f3-b34c-c358a07cc407','Drunken Noodles','drunken-noodles','Entree',18,'Wok-fired wide rice noodles with building heat and fresh basil',1);
INSERT INTO dishes (id,restaurant_id,name,slug,category,price,description,feature_count) VALUES ('21288a86-309d-598d-883c-0cdb30acae5c','6edff5ea-76b9-54f3-b34c-c358a07cc407','Pad See Ew','pad-see-ew','Entree',17,'Wide noodles with perfect wok char, Chinese broccoli, egg',1);
INSERT INTO dishes (id,restaurant_id,name,slug,category,price,description,feature_count) VALUES ('19ca4ada-4dbf-574f-8733-d397ca2a49f2','aa58ddff-afd7-595e-9db5-5f71d7802e78','Valentina Pizza','valentina-pizza','Entree',16,'Red sauce, cupped pepperoni, Calabrian chile, fresh mozz, local honey',1);
INSERT INTO dishes (id,restaurant_id,name,slug,category,price,description,feature_count) VALUES ('a507a854-9811-5d60-a8d8-56559a1a1b78','1752c71b-93a4-5d92-b001-d9aace882c4b','Churro Waffle','churro-waffle','Entree',16,'Churro-crusted waffle with dulce de leche and whipped cream',1);
INSERT INTO dishes (id,restaurant_id,name,slug,category,price,description,feature_count) VALUES ('79bb5685-a19d-5526-8bc8-f977fe57deec','1752c71b-93a4-5d92-b001-d9aace882c4b','Avocado Toast','avocado-toast','Entree',14,'Smashed avocado, poached egg, dukkah spice on sourdough',1);
INSERT INTO dishes (id,restaurant_id,name,slug,category,price,description,feature_count) VALUES ('cae76ba5-68f4-50a2-a417-61425a211443','2631a430-3112-5001-8955-9754da4d7401','Brisket','brisket','Entree',0,'Slow-smoked brisket — sold by the pound until it runs out',1);
INSERT INTO dishes (id,restaurant_id,name,slug,category,price,description,feature_count) VALUES ('8712ac66-3200-5fe2-8175-2d115adf83db','2631a430-3112-5001-8955-9754da4d7401','Ribs','ribs','Entree',0,'Pork ribs with deep bark and smoke ring',1);
INSERT INTO dishes (id,restaurant_id,name,slug,category,price,description,feature_count) VALUES ('d3578d84-15eb-568e-8ff1-97e9b7785d97','3e2d3f99-1f75-5d10-aea1-7158a377b8d9','Prickly Pear Sorbet','prickly-pear-sorbet','Dessert',6,'Bright purple tangy-sweet prickly pear sorbet',1);
INSERT INTO dishes (id,restaurant_id,name,slug,category,price,description,feature_count) VALUES ('d1f144cb-5d68-55fc-a488-47e00d41797a','de01e36f-e4be-5aa6-9604-ae75c2c176db','Cacio e Pepe','cacio-e-pepe','Entree',24,'Classic Roman pasta with pecorino and black pepper',1);
INSERT INTO dishes (id,restaurant_id,name,slug,category,price,description,feature_count) VALUES ('4dbd7529-f563-5a0d-a64e-55de1871052b','de01e36f-e4be-5aa6-9604-ae75c2c176db','Wood-Fired Margherita','wood-fired-margherita','Entree',18,'San Marzano tomatoes, fresh mozzarella, blistered crust',1);
INSERT INTO dishes (id,restaurant_id,name,slug,category,price,description,feature_count) VALUES ('dcddcd34-effe-5e8f-8785-efc8e628a4cb','06994e33-48bd-54a2-af5f-84fe889cb069','Pulled Pork Sandwich','pulled-pork-sandwich','Entree',14,'Pecan wood-smoked pulled pork with slaw on brioche',1);

INSERT INTO content_dishes (content_id,dish_id,is_primary) VALUES ('3600f50d-ec59-56aa-9e86-9c71d6b2a5e0','d0678027-4816-5b85-9858-66533b1ab0eb',TRUE);
INSERT INTO content_dishes (content_id,dish_id,is_primary) VALUES ('bf564fca-7a03-5f9a-bfac-2a56f53ff4d2','82c53993-a0da-5c0a-8f0c-01b13756f519',TRUE);
INSERT INTO content_dishes (content_id,dish_id,is_primary) VALUES ('bf564fca-7a03-5f9a-bfac-2a56f53ff4d2','8a97da80-b39d-5071-aa03-07e13ef8f708',FALSE);
INSERT INTO content_dishes (content_id,dish_id,is_primary) VALUES ('191504ce-4f2a-565e-8090-0c4de29ba3a4','7d942c04-0355-5638-a79a-ef0fdf3a68fe',TRUE);
INSERT INTO content_dishes (content_id,dish_id,is_primary) VALUES ('79dedc88-bb7d-5b77-966b-debe19024f3e','ab1a071c-5f63-543d-be44-efe1fb097436',TRUE);
INSERT INTO content_dishes (content_id,dish_id,is_primary) VALUES ('79dedc88-bb7d-5b77-966b-debe19024f3e','6edfa529-da23-57ad-9c6e-e069533d5072',FALSE);
INSERT INTO content_dishes (content_id,dish_id,is_primary) VALUES ('41a49c43-ddf8-59b4-9cef-477e254b955b','50acbf27-dd7a-5663-a018-9ab2cb642f0e',TRUE);
INSERT INTO content_dishes (content_id,dish_id,is_primary) VALUES ('f292097f-f669-5c99-aaff-21a5bdf00477','6edfa529-da23-57ad-9c6e-e069533d5072',FALSE);
INSERT INTO content_dishes (content_id,dish_id,is_primary) VALUES ('44251b45-772b-5eff-b095-c4c2615bd095','8ca542d0-daac-5c1e-a963-394a21affa53',TRUE);
INSERT INTO content_dishes (content_id,dish_id,is_primary) VALUES ('8597e99f-1492-53ca-a313-a841cf0b4b1b','9ce65b0e-435a-5b80-9e0b-c5398eda34cc',TRUE);
INSERT INTO content_dishes (content_id,dish_id,is_primary) VALUES ('f10ef43e-2a9c-578e-af87-4103fe9023c6','19ca4ada-4dbf-574f-8733-d397ca2a49f2',TRUE);
INSERT INTO content_dishes (content_id,dish_id,is_primary) VALUES ('697bd8ec-80c6-5931-be9c-00c08862cac9','a507a854-9811-5d60-a8d8-56559a1a1b78',TRUE);
INSERT INTO content_dishes (content_id,dish_id,is_primary) VALUES ('d717cb18-288f-5322-b60e-d65fff2e9163','cae76ba5-68f4-50a2-a417-61425a211443',TRUE);
INSERT INTO content_dishes (content_id,dish_id,is_primary) VALUES ('3dea7388-a31e-58dc-b2b5-66bc5fc3fd4a','d3578d84-15eb-568e-8ff1-97e9b7785d97',TRUE);
INSERT INTO content_dishes (content_id,dish_id,is_primary) VALUES ('82c405da-bacb-5708-b12e-15556c272e3c','9ce65b0e-435a-5b80-9e0b-c5398eda34cc',FALSE);
INSERT INTO content_dishes (content_id,dish_id,is_primary) VALUES ('853343a6-878c-5acf-9dd4-0f001eccfda7','d1f144cb-5d68-55fc-a488-47e00d41797a',TRUE);
INSERT INTO content_dishes (content_id,dish_id,is_primary) VALUES ('9d65a478-939e-5633-8ffb-24dd172aebf8','dcddcd34-effe-5e8f-8785-efc8e628a4cb',TRUE);
INSERT INTO content_dishes (content_id,dish_id,is_primary) VALUES ('950bc7d4-7216-57c7-840a-21d791004435','3f5f10ae-ac99-50c4-a8d4-5723e140c926',TRUE);
INSERT INTO content_dishes (content_id,dish_id,is_primary) VALUES ('07d6f925-f341-548f-9ca2-f588ecdea6f7','8712ac66-3200-5fe2-8175-2d115adf83db',TRUE);
INSERT INTO content_dishes (content_id,dish_id,is_primary) VALUES ('725e5ffb-bbbd-5016-bff5-af480736d389','79bb5685-a19d-5526-8bc8-f977fe57deec',TRUE);
INSERT INTO content_dishes (content_id,dish_id,is_primary) VALUES ('d1cc0e37-548b-57e3-a159-12721f5542e8','21288a86-309d-598d-883c-0cdb30acae5c',TRUE);
INSERT INTO content_dishes (content_id,dish_id,is_primary) VALUES ('1de40c41-b559-55c2-bf18-19647c2aed77','4dbd7529-f563-5a0d-a64e-55de1871052b',TRUE);
